{"cameraMode":{"drawMode":0,"name":"Shaded","section":"Shading Mode"},"sceneLighting":true,"audioPlay":false,"sceneViewState":{"showFog":true,"showMaterialUpdate":false,"showSkybox":true,"showFlares":true,"showImageEffects":true,"showParticleSystems":true},"in2DMode":false,"pivot":{"x":12.89857292175293,"y":1.36094069480896,"z":0.6285228133201599},"rotation":{"x":-0.35153520107269289,"y":-0.6260592937469482,"z":0.3755415081977844,"w":-0.5860387086868286},"size":33.360477447509769,"orthographic":false}